id¬correo¬contraseña
jacky¬jacky@gmail.com¬123¬
omar¬omar@gmail.com¬121¬
angela¬angela@gmail.com¬122¬
Alan¬alan@gmail.com¬qwerty¬
said¬spolancom@upv.edu.mx¬said1234¬
qwerty¬qwerty@q.q¬123¬